Vin,Vout
0.0018,4.9925
0.49991,4.9925
0.99813,4.9925
1.19353,4.9923
1.39873,4.989
1.59394,4.9563
1.79904,4.8296
1.994,4.5985
2.1995,4.2507
2.3948,3.8349
2.6,3.3279
2.7952,2.7957
3.0004,2.2026
3.1959,1.63119
3.4011,1.09836
3.5963,0.81725
3.8015,0.6827
3.9969,0.60564
4.2017,0.54874
4.3973,0.5074
4.5927,0.47425
4.7977,0.44554
4.9932,0.4224
