Vin,Vout
0.39219,0.002
0.79288,0.002
0.99794,0.007
1.09562,0.028
1.19327,0.145
1.3009,0.703
1.39856,2.866
1.49628,9.083
1.59371,21.323
1.79881,63.364
1.99441,116.852
2.1986,181.189
2.3945,248.15
2.5998,323.05
2.795,397.9
3.0002,479.66
3.1958,560.4
3.4009,647.61
3.596,732.73
3.8013,824.32
3.9967,913.34
4.2015,1008.46
4.3971,1100.84
4.5925,1194.57
4.7975,1294.36
4.9931,1390.85
